{
  "groundCost": {
    "estimate": 89480.40576459172,
    "fiscalYear": 2010,
    "standardError": 0.0
  },
  "hardwareCost": {
    "estimate": 116843.7315028342,
    "fiscalYear": 2010,
    "standardError": 0.0
  },
  "iatCost": {
    "estimate": 60368.93165283008,
    "fiscalYear": 2010,
    "standardError": 0.0
  },
  "launchCost": {
    "estimate": 100.0,
    "fiscalYear": 2010,
    "standardError": 0.0
  },
  "lifecycleCost": {
    "estimate": 560.7168384709491,
    "fiscalYear": 2010,
    "standardError": 0.0
  },
  "nonRecurringCost": {
    "estimate": 10177.525044176422,
    "fiscalYear": 2010,
    "standardError": 0.0
  },
  "operationsCost": {
    "estimate": 89480.40576459172,
    "fiscalYear": 2010,
    "standardError": 0.0
  },
  "programCost": {
    "estimate": 88979.40784618813,
    "fiscalYear": 2010,
    "standardError": 0.0
  },
  "recurringCost": {
    "estimate": 211710.56816316285,
    "fiscalYear": 2010,
    "standardError": 0.0
  }
}