{
  "groundCost": {
    "estimate": 81189.01906366643,
    "fiscalYear": 2010,
    "standardError": 0.0
  },
  "hardwareCost": {
    "estimate": 116843.7315028342,
    "fiscalYear": 2010,
    "standardError": 0.0
  },
  "iatCost": {
    "estimate": 54020.93829127536,
    "fiscalYear": 2010,
    "standardError": 0.0
  },
  "launchCost": {
    "estimate": 100.0,
    "fiscalYear": 2010,
    "standardError": 0.0
  },
  "lifecycleCost": {
    "estimate": 1027.1609310586584,
    "fiscalYear": 2010,
    "standardError": 0.0
  },
  "nonRecurringCost": {
    "estimate": 9206.05326865519,
    "fiscalYear": 2010,
    "standardError": 0.0
  },
  "operationsCost": {
    "estimate": 81189.01906366643,
    "fiscalYear": 2010,
    "standardError": 0.0
  },
  "programCost": {
    "estimate": 81120.36469368392,
    "fiscalYear": 2010,
    "standardError": 0.0
  },
  "recurringCost": {
    "estimate": 188044.09021204832,
    "fiscalYear": 2010,
    "standardError": 0.0
  }
}